customer_id,first_name,last_name,count(order_id)
CS00001,Isadora,Porto,50
CS00002,Hugo,Carreño,50
CS00003,René,Olivera,50
CS00004,Luiz Henrique,Pinto,50
CS00005,Leonardo,Monteiro,50
CS00006,Lourdes,Salas,50
CS00007,João Miguel,Fernandes,50
CS00008,María,Paz,50
CS00009,Elizabeth,Jara,50
CS00010,Cynthia,Ruiz,50
CS00011,Ramon,Saavedra,50
CS00012,Yeni,Laboy,50
CS00013,Helena,Pereira,50
CS00014,Alejandro,González,50
CS00015,Matías,Muñoz,50
CS00016,Francisco,Torres,50
CS00017,Diana,Rodríguez,50
CS00018,Rigoberto,Gallardo,50
CS00019,Sebastián,Alarcón,50
CS00020,Nathan,Melo,50
CS00021,Jerónimo,Alemán,50
CS00022,Joaquim,Gomes,50
CS00023,Lívia,Cardoso,50
CS00024,Liliana,Burbano,50
CS00025,Victoria,Alegría,50
CS00026,Paula,Fernández,50
CS00027,Diego,Navarrete,50
CS00028,Gabriel,Jesus,50
CS00029,Antonio,Gallardo,50
CS00030,Francisco,Cornejo,50
CS00031,Lorena,Sanabria,50
CS00032,Javier,Hinojosa,50
CS00033,Esther,Ribeiro,50
CS00034,Ana Beatriz,Mendes,50
CS00035,Antonio,González,50
CS00036,Héctor,Toledo,50
CS00037,María,Carrillo,50
CS00038,Alexander,Mena,50
CS00039,Gabino,Ordóñez,50
CS00040,Manuel,Correa,50
CS00041,Carmenza,Manrique,50
CS00042,Felipe,Ibarra,50
CS00043,José,Ríos,50
CS00044,Joaquim,da Mota,50
CS00045,Rosario,Mena,50
CS00046,Valentina,Moura,50
CS00047,Armando,Barrera,50
CS00048,Evelyn,da Cruz,50
CS00049,Marcelo,Duarte,50
CS00050,Juan,Navarro,50
CS00051,Matheus,Dias,50
CS00052,Felix,Velázquez,50
CS00053,Cristopher,Rodríguez,50
CS00054,Raquel,Zedillo,50
CS00055,Pedro Lucas,Melo,50
CS00056,Óscar,Quezada,50
CS00057,Mónica,Beltrán,50
CS00058,Júlia,Santos,50
CS00059,Luisa,Orozco,50
CS00060,Astrid,Figueroa,50
CS00061,Guilherme,Dias,50
CS00062,Lucas Gabriel,Campos,50
CS00063,Angélica,Mosquera,50
CS00064,Enrique,Sanabria,50
CS00065,Alexis,Castillo,50
CS00066,Johanna,Contreras,50
CS00067,Marlon,Cano,50
CS00068,Sandra,Estrada,50
CS00069,Angélica,Sánchez,50
CS00070,Jorge,Correa,50
CS00071,Paola,Ortiz,50
CS00072,Alma,Santiago,50
CS00073,Calebe,Martins,50
CS00074,Fidel,Villaseñor,50
CS00075,Emilly,Fernandes,50
CS00076,Enzo Gabriel,Gonçalves,50
CS00077,Augusto,Fogaça,50
CS00078,Abelardo,Vergara,50
CS00079,Aura,Rojas,50
CS00080,Jerónimo,Rocha,50
CS00081,Nayibe,Arias,50
CS00082,Antonio,Rivera,50
CS00083,Kevin,Teixeira,50
CS00084,Óscar,Ramírez,50
CS00085,Alexander,Beltrán,50
CS00086,Emanuel,Almeida,50
CS00087,Pedro,Carvalho,50
CS00088,Bárbara,Rodríguez,50
CS00089,Violeta,Cardenas,50
CS00090,Albeiro,García,50
CS00091,Florencia,Barraza,50
CS00092,Miriam,Velásquez,50
CS00093,Pedro,Dias,50
CS00094,Clara,Sales,50
CS00095,Claudio,Armas,50
CS00096,Ferney,Martínez,50
CS00097,Fernanda,Flórez,50
CS00098,Diego,Hoyos,50
CS00099,Marcela,Lozano,50
CS00100,Duván,Sierra,50
CS00101,Carlos,Sánchez,50
CS00102,Ariela,Rojas,50
CS00103,Stella,Almeida,50
CS00104,Olivia,Cardoso,50
CS00105,Lucas Gabriel,da Paz,50
CS00106,Alberto,Mendoza,50
CS00107,Aurora,Montero,50
CS00108,Stephany,Jesus,50
CS00109,Lucca,da Cunha,50
CS00110,Reynaldo,Bueno,50
CS00111,Anel,Acuña,50
CS00112,Catarina,Barros,50
CS00113,Camilo,Lozano,50
CS00114,Maximiliano,Hormazábal,50
CS00115,Leonardo,Valdés,50
CS00116,Jenny,Castillo,50
CS00117,Domingo,Sanhueza,50
CS00118,Maria Fernanda,Rocha,50
CS00119,Vitória,Barbosa,50
CS00120,Silvano,Almaraz,50
CS00121,Úrsula,Alba,50
CS00122,Cauê,Mendes,50
CS00123,Karol,Adasme,50
CS00124,Damián,Álvarez,50
CS00125,João Vitor,Oliveira,50
CS00126,María,Contreras,50
CS00127,Aida,Cruz,50
CS00128,Ian,Pereira,50
CS00129,Violeta,Loya,50
CS00130,Barbara,Peña,50
CS00131,Mateo,Salazar,50
CS00132,Sergio,Varas,50
CS00133,Sebastián,Baeza,50
CS00134,Luz,Guzmán,50
CS00135,Stephany,Porto,50
CS00136,Lourdes,Mora,50
CS00137,Verónica,Leal,50
CS00138,Edilma,Martínez,50
CS00139,Juan,Vargas,50
CS00140,Nicole,Correia,50
CS00141,Jonás,Salas,50
CS00142,Manuel,Silva,50
CS00143,Nayeli,Ramón,50
CS00144,Milena,Nascimento,50
CS00145,Laís,Souza,50
CS00146,Mariano,Ulloa,50
CS00147,Florencia,Barrientos,50
CS00148,Julián,Uribe,50
CS00149,Jesús,Frías,50
CS00150,Jacobo,Reynoso,50
CS00151,Andrea,Mendoza,50
CS00152,Paola,Burgos,50
CS00153,Alfonso,Zapata,50
CS00154,Enzo Gabriel,Costa,50
CS00155,João Guilherme,Vieira,50
CS00156,Teodoro,Rosario,50
CS00157,Emilia,Cancino,50
CS00158,João Pedro,das Neves,50
CS00159,Luis,Torres,50
CS00160,Isabella,Lima,50
CS00161,Elena,Vargas,50
CS00162,Ana,Gajardo,50
CS00163,Filomena,Garrido,50
CS00164,Mirna,Pizarro,50
CS00165,Adriana,Quintero,50
CS00166,Valentina,López,50
CS00167,Kamilly,da Paz,50
CS00168,Zacarías,Cervantes,50
CS00169,Alix,Rodríguez,50
CS00170,Juan,Llamas,50
CS00171,André,da Cruz,50
CS00172,Josefina,Vilches,50
CS00173,Sofia,Caldeira,50
CS00174,Jonathan,Muñoz,50
CS00175,Cristina,Ortega,50
CS00176,Pablo,Fonseca,50
CS00177,Liliana,Vélez,50
CS00178,Martha,Cáceres,50
CS00179,Espartaco,Domínguez,50
CS00180,Sylvia,Cáceres,50
CS00181,Alícia,Ramos,50
CS00182,Adalberto,Tijerina,50
CS00183,Freddy,Marín,50
CS00184,Silvia,Gil,50
CS00185,Yaneth,Bravo,50
CS00186,Lorenzo,Silva,50
CS00187,Carmen,Santana,50
CS00188,Flavio,Farías,50
CS00189,Verónica,Alba,50
CS00190,Vicente,Souza,50
CS00191,Andrés,Escobar,50
CS00192,Brenda,Cardoso,50
CS00193,Virginia,Fuentes,50
CS00194,Armando,González,50
CS00195,Esperanza,Caraballo,50
CS00196,João Lucas,da Conceição,50
CS00197,Luz,Flórez,50
CS00198,Ignacio,García,50
CS00199,Rosario,Luevano,50
CS00200,Caridad,Portillo,50
CS00201,Ernesto,Barrera,50
CS00202,Fidel,Tovar,50
CS00203,Patricia,Cruz,50
CS00204,Edna,Hernández,50
CS00205,Julio,Tirado,50
CS00206,Antonio,Rodríguez,50
CS00207,Ítalo,Osorio,50
CS00208,Nelson,Cárcamo,50
CS00209,Francisco,Quezada,50
CS00210,Brenda,Porto,50
CS00211,Salvador,Ríos,50
CS00212,Paola,Gollum,50
CS00213,Gabriela,Pinto,50
CS00214,Pascale,Olivares,50
CS00215,Yurani,Orozco,50
CS00216,Brayan,Molina,50
CS00217,Gustavo Henrique,Pereira,50
CS00218,Edier,Rueda,50
CS00219,Domingo,Santander,50
CS00220,Libia,Espitia,50
CS00221,Guillermo,Gaytán,50
CS00222,Lidia,Zúñiga,50
CS00223,Isis,da Rosa,50
CS00224,Alejandro,Mejía,50
CS00225,Jhoan,Gamboa,50
CS00226,Davi Lucca,Cavalcanti,50
CS00227,Theo,Oliveira,50
CS00228,Jessica,Aguilar,50
CS00229,Francy,Valderrama,50
CS00230,María,Reyes,50
CS00231,Ramiro,Segovia,50
CS00232,Ariel,Rodríguez,50
CS00233,Marcela,Posada,50
CS00234,Ana Luiza,Cavalcanti,50
CS00235,Maria Eduarda,Fogaça,50
CS00236,Maria Sophia,Rocha,50
CS00237,Sophie,Costa,50
CS00238,Isis,Costela,50
CS00239,Víctor,Ureña,50
CS00240,Sophie,da Rosa,50
CS00241,Francisco Javier,Tello,50
CS00242,Julio,Quintanilla,50
CS00243,Isabelly,da Cruz,50
CS00244,Josefa,Barahona,50
CS00245,Lara,Araújo,50
CS00246,Jonathan,Bustamante,50
CS00247,Paulina,Baeza,50
CS00248,Amanda,Contreras,50
CS00249,José,Rojas,50
CS00250,Lara,Caldeira,50
CS00251,Laura,Gomes,50
CS00252,María,Rodríguez,50
CS00253,Maria,Sales,50
CS00254,Ruth,Cea,50
CS00255,Johana,Londoño,50
CS00256,Alejandro,López,50
CS00257,Fredy,Sandoval,50
CS00258,José,Restrepo,50
CS00259,Johnny,Berríos,50
CS00260,Consuelo,Rivera,50
CS00261,Luis,Bastías,50
CS00262,Rebeca,Jurado,50
CS00263,Laura,Rojas,50
CS00264,María,Navarro,50
CS00265,José,Mora,50
CS00266,Enrique,Rodríguez,50
CS00267,Johana,Mosquera,50
CS00268,Mario,Urrutia,50
CS00269,Virginia,Alegría,50
CS00270,Citlali,Segura,50
CS00271,Rafael,González,50
CS00272,Cristian,Carmona,50
CS00273,Edwin,Rodríguez,50
CS00274,Carolina,Novaes,50
CS00275,Abraham,Cintrón,50
CS00276,Dolores,Tijerina,50
CS00277,María,Alvarado,50
CS00278,Abelardo,Ramírez,50
CS00279,Judith,Molina,50
CS00280,Mercedes,Cárdenas,50
CS00281,Claudio,González,50
CS00282,Mauro,Zúñiga,50
CS00283,Reina,Jimínez,50
CS00284,Carlos,Gómez,50
CS00285,Arturo,Barahona,50
CS00286,Daniela,Escamilla,50
CS00287,Sebastián,Varas,50
CS00288,Caio,Fernandes,50
CS00289,Caridad,Robledo,50
CS00290,Vicente,Porto,50
CS00291,Aldo,Bustos,50
CS00292,Luis,Rivas,50
CS00293,Luiz Gustavo,Araújo,50
CS00294,Hernán,Vélez,50
CS00295,Martín,Fuentes,50
CS00296,Luiz Otávio,Cardoso,50
CS00297,Nidia,Calderón,50
CS00298,Erick,Costela,50
CS00299,Mirella,Moreira,50
CS00300,Eloah,Fogaça,50
CS00301,Eugenia,Ríos,50
CS00302,Juan,da Rocha,50
CS00303,Felix,Parra,50
CS00304,Anel,Tejeda,50
CS00305,Antonio,Parra,50
CS00306,Luis,Muñoz,50
CS00307,Alícia,Farias,50
CS00308,Pedro Miguel,Barbosa,50
CS00309,Ana Luisa,Escamilla,50
CS00310,Olivia,Barbosa,50
CS00311,Flavio,Burgos,50
CS00312,María José,Franco,50
CS00313,Jesús,Ortega,50
CS00314,Alberto,Fernández,50
CS00315,Tomás,Sáenz,50
CS00316,Javiera,Vejar,50
CS00317,José,Ramírez,50
CS00318,Miguel,Páez,50
CS00319,Conchita,Rocha,50
CS00320,Jacobo,Verdugo,50
CS00321,Mario,González,50
CS00322,Pedro,Silva,50
CS00323,Héctor,Ávila,50
CS00324,Daniela,López,50
CS00325,María,Ríos,50
CS00326,Fabián,Ortiz,50
CS00327,Santiago,Garzón,50
CS00328,João Vitor,da Luz,50
CS00329,Patricio,Guajardo,50
CS00330,Breno,Cardoso,50
CS00331,Nina,Santos,50
CS00332,Daniela,Maturana,50
CS00333,Ángel,Bustos,50
CS00334,Luis,Bustamante,50
CS00335,Yamile,Barbosa,50
CS00336,Alberto,Alfonso,50
CS00337,Joaquín,Hormazábal,50
CS00338,Natalia,Rodríguez,50
CS00339,Linda,Meléndez,50
CS00340,Johana,Rodríguez,50
CS00341,Teresa,Melo,50
CS00342,Luz,Cárdenas,50
CS00343,Bruno,Mercado,50
CS00344,Alberto,Díaz,50
CS00345,Erick,Silva,50
CS00346,Gustavo,Barreto,50
CS00347,Pedro,Roque,50
CS00348,Jorge,Melo,50
CS00349,Elisa,Gomes,50
CS00350,Carla,Matías,50
CS00351,Omar,Quintero,50
CS00352,Caridad,Adame,50
CS00353,Claudina,Núñez,50
CS00354,Juan,Salazar,50
CS00355,Anthony,da Paz,50
CS00356,Lorenzo,Ferreira,50
CS00357,María Cristina,Saldivar,50
CS00358,Yasna,Marín,50
CS00359,Sandra,Figueroa,50
CS00360,Andrés,Jiménez,50
CS00361,Horacio,Soto,50
CS00362,Amparo,Caicedo,50
CS00363,Pedro,Escamilla,50
CS00364,Ángela,Rueda,50
CS00365,Mauricio,Inostroza,50
CS00366,Héctor,Valladares,50
CS00367,Camila,Torres,50
CS00368,Vladimir,Bonilla,50
CS00369,Rosalba,Romero,50
CS00370,José,Guzmán,50
CS00371,Octavio,Zayas,50
CS00372,Ricardo,Trejo,50
CS00373,Carlos,Díaz,50
CS00374,Liliana,Rodríguez,50
CS00375,Rolando,Olivárez,50
CS00376,Maria Cecília,Cavalcanti,50
CS00377,Flor,Martínez,50
CS00378,Helena,Guerrero,50
CS00379,Felipe,Sánchez,50
CS00380,Francisco Javier,Munguía,50
CS00381,Mauro,Reséndez,50
CS00382,Erick,Cid,50
CS00383,Ruth,Calderón,50
CS00384,Ariel,Contreras,50
CS00385,Bladimir,Luna,50
CS00386,Felipe,Pinto,50
CS00387,Vitor Hugo,Cardoso,50
CS00388,Pascal,Bustos,50
CS00389,Thomas,da Luz,50
CS00390,Vinicius,Carvalho,50
CS00391,Lucas,Rocha,50
CS00392,Elba,Lorca,50
CS00393,Cristóbal,Rivera,50
CS00394,Pilar,Martínez,50
CS00395,Reynaldo,Sierra,50
CS00396,Jorge,Gaitán,50
CS00397,Mariano,Collazo,50
CS00398,Carolina,da Luz,50
CS00399,José,Andrade,50
CS00400,Gabriel,Gracia,50
CS00401,Alicia,Anaya,50
CS00402,Jefferson,Parra,50
CS00403,Mariana,da Costa,50
CS00404,María,León,50
CS00405,Serafín,Canales,50
CS00406,Carolina,Bravo,50
CS00407,Beatriz,Valencia,50
CS00408,Erick,Parra,50
CS00409,Lina,Navarro,50
CS00410,Bernardo,Benítez,50
CS00411,Jenniffer,Osses,50
CS00412,Enrique,Calderón,50
CS00413,Rafael,Díaz,50
CS00414,João Pedro,Melo,50
CS00415,Andrés,Galvis,50
CS00416,Gonzalo,Alfaro,50
CS00417,Francisco,Varas,50
CS00418,Clemente,Almonte,50
CS00419,Abraham,Chacón,50
CS00420,Pedro Lucas,Campos,50
CS00421,Eduar,Jiménez,50
CS00422,Elizabeth,Alvarado,50
CS00423,Nicole,Cavalcanti,50
CS00424,Laura,Orozco,50
CS00425,Dulce,Dávila,50
CS00426,Johanna,Sanhueza,50
CS00427,Paulina,Orellana,50
CS00428,Alex,Mantilla,50
CS00429,Angélica,Poblete,50
CS00430,Heloísa,Costa,50
CS00431,Gonzalo,Gamez,50
CS00432,Teresa,Rincón,50
CS00433,Rafael,da Costa,50
CS00434,Freddy,Ponce,50
CS00435,Erika,Reyes,50
CS00436,Florencia,Román,50
CS00437,Agustina,Núñez,50
CS00438,Juan,Leiva,50
CS00439,Daisy,Coronado,50
CS00440,Emanuella,Martins,50
CS00441,Milena,Vásquez,50
CS00442,Isabel,Salas,50
CS00443,Maitê,Peixoto,50
CS00444,César,Benítez,50
CS00445,Julio César,Nieves,50
CS00446,Viviana,Sánchez,50
CS00447,David,Villa,50
CS00448,Julio César,Mares,50
CS00449,Luiza,da Mota,50
CS00450,Sara,Moreno,50
CS00451,Daisy,Mella,50
CS00452,Alexander,Díaz,50
CS00453,Claudio,Torres,50
CS00454,Jorge,Altamirano,50
CS00455,Mónica,Vallejos,50
CS00456,Benjamín,Ormeño,50
CS00457,Diego,Nascimento,50
CS00458,Arcelia,Alonso,50
CS00459,Carlos Eduardo,da Conceição,50
CS00460,Daniela,Solís,50
CS00461,Soledad,Sierra,50
CS00462,Noah,Cavalcanti,50
CS00463,Francisca,Llamas,50
CS00464,Mercedes,Corrales,50
CS00465,Carolina,Pino,50
CS00466,Fernando,Aranda,50
CS00467,Mariana,Peralta,50
CS00468,Leandro,da Rocha,50
CS00469,Juan,Villanueva,50
CS00470,Máximo,Vargas,50
CS00471,Marina,Araya,50
CS00472,Carlos,Gutiérrez,50
CS00473,Vitor,Rodrigues,50
CS00474,Bastián,Gutiérrez,50
CS00475,Pedro Henrique,da Paz,50
CS00476,Dolores,Roybal,50
CS00477,Javier,Zambrano,50
CS00478,Sarah,da Rocha,50
CS00479,Milena,Álvarez,50
CS00480,Breno,Rezende,50
CS00481,Rosalba,Ávila,50
CS00482,Nathan,Silveira,50
CS00483,Isaac,Cedillo,50
CS00484,Sergio,Bravo,50
CS00485,Eusebio,Arancibia,50
CS00486,Rodrigo,Troncoso,50
CS00487,Lilia,Moreno,50
CS00488,Samuel,Fogaça,50
CS00489,Gabriela,Granado,50
CS00490,Rodolfo,Enríquez,50
CS00491,Alba,Naranjo,50
CS00492,Rafael,da Conceição,50
CS00493,Ignacio,Guerrero,50
CS00494,Anahí,Gajardo,50
CS00495,Luis,Reyes,50
CS00496,André,Fernandes,50
CS00497,Anthony,Peixoto,50
CS00498,Juan,Aguilar,50
CS00499,Amanda,Pereira,50
CS00500,José,Fuentes,50
CS00501,Ricardo,Gamboa,50
CS00502,Francisco,Fajardo,50
CS00503,Ignacio,Cortés,50
CS00504,Natalia,Díaz,50
CS00505,Victoria,Terán,50
CS00506,Orlando,Cáceres,50
CS00507,Mariana,Dias,50
CS00508,Carlos,Olguín,50
CS00509,Marcelo,Aguilar,50
CS00510,Andrea,Pérez,50
CS00511,Clara,Teixeira,50
CS00512,Miguel,Cárcamo,50
CS00513,Lorenzo,Lagos,50
CS00514,María,Cruz,50
CS00515,Yago,Fogaça,50
CS00516,Bernabé,González,50
CS00517,Angélica,Moreno,50
CS00518,Davi,da Rocha,50
CS00519,Sonia,Archuleta,50
CS00520,Jeison,Vélez,50
CS00521,Pascal,Hurtado,50
CS00522,Frank,Cáceres,50
CS00523,Murilo,Viana,50
CS00524,Marcela,Rivero,50
CS00525,Maria,Ribeiro,50
CS00526,Jhoan,Castañeda,50
CS00527,Mayra,Bonilla,50
CS00528,Vanesa,Villarreal,50
CS00529,Piero,Castro,50
CS00530,Herminio,González,50
CS00531,Karen,Arias,50
CS00532,Carla,López,50
CS00533,Diego,Ibarra,50
CS00534,Lívia,Novaes,50
CS00535,Esmeralda,Fonseca,50
CS00536,Karen,Aguirre,50
CS00537,Enzo Gabriel,Cardoso,50
CS00538,Sebastián,Medina,50
CS00539,Luz,Rodríguez,50
CS00540,Pascual,Iglesias,50
CS00541,Olga,Riquelme,50
CS00542,Lucas Gabriel,Aragão,50
CS00543,María,Jaramillo,50
CS00544,Mario,Morales,50
CS00545,Janneth,Contreras,50
CS00546,César,Fajardo,50
CS00547,Martha,Arias,50
CS00548,Valentina,Cifuentes,50
CS00549,Jimena,Sanabria,50
CS00550,Flor,Aguilera,50
CS00551,Miguel,Barros,50
CS00552,Carlos,Quintero,50
CS00553,María,Castro,50
CS00554,Juan,Henríquez,50
CS00555,Alvaro,Soto,50
CS00556,Carlos Eduardo,Lima,50
CS00557,Karla,Santillán,50
CS00558,Socorro,Garrido,50
CS00559,Natividad,Velázquez,50
CS00560,Gonzalo,Ramírez,50
CS00561,Laura,Barbosa,50
CS00562,César,González,50
CS00563,Edwin,Delgado,50
CS00564,Rosario,Bello,50
CS00565,Helena,Zelaya,50
CS00566,Camilo,Hernández,50
CS00567,Esteban,Cancino,50
CS00568,João Pedro,Ribeiro,50
CS00569,Isis,Costela,50
CS00570,Carol,Orozco,50
CS00571,Angelo,Torres,50
CS00572,Calebe,Cardoso,50
CS00573,Claudia,Rojas,50
CS00574,Mariane,da Paz,50
CS00575,Esther,Marrero,50
CS00576,John,Zapata,50
CS00577,Otávio,Ribeiro,50
CS00578,Valeria,Márquez,50
CS00579,Úrsula,Carreón,50
CS00580,Emilio,Ramírez,50
CS00581,Aurelio,Noriega,50
CS00582,Mateo,Mendoza,50
CS00583,Uberlinda,Álvarez,50
CS00584,Luiz Otávio,Ferreira,50
CS00585,Daniel,Barrera,50
CS00586,Maria Cecília,Caldeira,50
CS00587,Cindy,Bernal,50
CS00588,Luis Manuel,Alcántar,50
CS00589,Marisol,Portillo,50
CS00590,León,Bernal,50
CS00591,André,Azevedo,50
CS00592,Piedad,Pulido,50
CS00593,María,Flores,50
CS00594,Emilly,Dias,50
CS00595,David,Caicedo,50
CS00596,Nicole,Ferreira,50
CS00597,Mónica,Domínguez,50
CS00598,Jimena,Rivera,50
CS00599,Isabel,Villalobos,50
CS00600,Manuel,Quezada,50
CS00601,Daniela,da Rocha,50
CS00602,Tania,Esquivel,50
CS00603,Marisol,Arias,50
CS00604,Isabel,Mata,50
CS00605,João Felipe,Carvalho,50
CS00606,Pedro,Ulloa,50
CS00607,Isolina,Ibarra,50
CS00608,Yolima,Guerrero,50
CS00609,Martín,de la Torre,50
CS00610,Stella,Molina,50
CS00611,Luisa,Arboleda,50
CS00612,Trinidad,Donoso,50
CS00613,Wilmer,Quintero,50
CS00614,Dulce,Oquendo,50
CS00615,Ramon,Parra,50
CS00616,Brayan,Bautista,50
CS00617,Danilo,da Costa,50
CS00618,Luiz Otávio,Aragão,50
CS00619,Aida,Saucedo,50
CS00620,Isabela,Santana,50
CS00621,Alfonso,Badillo,50
CS00622,Nancy,Díaz,50
CS00623,Alexia,Porto,50
CS00624,Ricardo,Orellana,50
CS00625,João Miguel,Barros,50
CS00626,Benjamin,Cardoso,50
CS00627,Nicolas,Farias,50
CS00628,Félix,Álvarez,50
CS00629,Kamilly,Barros,50
CS00630,Antonio,Castaño,50
CS00631,Frida,Esquibel,50
CS00632,Franklin,Herrera,50
CS00633,Alana,das Neves,50
CS00634,Gerónimo,Prado,50
CS00635,Kevin,Benítez,50
CS00636,Juan,Huerta,50
CS00637,Davi Lucca,da Cunha,50
CS00638,Tatiana,López,50
CS00639,Luis,Rodríguez,50
CS00640,María,Suárez,50
CS00641,Luigi,Novaes,50
CS00642,Cynthia,Montero,50
CS00643,Alan,Salinas,50
CS00644,Fernanda,Moreno,50
CS00645,Daniel,Angulo,50
CS00646,Davi,Melo,50
CS00647,Eduardo,Matus,50
CS00648,Nina,Sales,50
CS00649,Luz,Martínez,50
CS00650,Ernesto,Moreno,50
CS00651,Eloah,Moreira,50
CS00652,Bárbara,da Rosa,50
CS00653,Isabella,Caldeira,50
CS00654,Marjorie,Salinas,50
CS00655,Florencia,Ríos,50
CS00656,Georgina,Garibay,50
CS00657,Katerine,Vega,50
CS00658,Hernán,Muro,50
CS00659,Teresa,Bohórquez,50
CS00660,Trinidad,Zarate,50
CS00661,Serafín,Fernández,50
CS00662,María,Carmona,50
CS00663,Enrique,Villa,50
CS00664,Barbara,Valdez,50
CS00665,Ana Beatriz,Fogaça,50
CS00666,Maribel,Madrid,50
CS00667,Carla,Alfaro,50
CS00668,Doris,Narváez,50
CS00669,Estella,Cruz,50
CS00670,Ricardo,Trujillo,50
CS00671,David,Buitrago,50
CS00672,Carolina,Maldonado,50
CS00673,Lorenzo,Peña,50
CS00674,Eugenio,Matos,50
CS00675,Alexis,Figueroa,50
CS00676,Ana,González,50
CS00677,Joaquín,Fuentes,50
CS00678,Milena,Murillo,50
CS00679,Jesús,Muñoz,50
CS00680,João Vitor,Viana,50
CS00681,Rosa,San Martín,50
CS00682,Félix,Fernández,50
CS00683,Sarah,Cardoso,50
CS00684,Johana,Castro,50
CS00685,Aurora,Chavarría,50
CS00686,Yeny,López,50
CS00687,Camila,Ramos,50
CS00688,Anahí,Mejías,50
CS00689,Yago,Moraes,50
CS00690,Adolfo,Díaz,50
CS00691,Milton,Arias,50
CS00692,Rafaél,Cabrera,50
CS00693,Olga,Quintero,50
CS00694,Fernanda,Venegas,50
CS00695,Davi Lucas,Cardoso,50
CS00696,Susana,Tamayo,50
CS00697,Dayana,Villamil,50
CS00698,Carlos,Bravo,50
CS00699,William,García,50
CS00700,Lilian,Bustamante,50
CS00701,Juan,López,50
CS00702,Silvano,Marín,50
CS00703,Miguel Ángel,Garibay,50
CS00704,Rafael,Moura,50
CS00705,Camila,Flores,50
CS00706,Maria Cecília,Nunes,50
CS00707,Isidora,Inostroza,50
CS00708,Karina,Esparza,50
CS00709,Susana,Alvarado,50
CS00710,Eric,Oquendo,50
CS00711,Emiliano,Maya,50
CS00712,Sebastián,Ángel,50
CS00713,Tamara,Meneses,50
CS00714,Karina,Santillán,50
CS00715,Laís,Aragão,50
CS00716,Wilson,Parada,50
CS00717,Mariela,Molina,50
CS00718,Leidy,Rodríguez,50
CS00719,Eugenia,Garibay,50
CS00720,Júlia,Dias,50
CS00721,Luis,Silva,50
CS00722,Trinidad,Marrero,50
CS00723,Daniela,Cardoso,50
CS00724,Esperanza,Tamayo,50
CS00725,Angélica,Ulloa,50
CS00726,Lorenzo,Mateo,50
CS00727,Francisca,Cornejo,50
CS00728,Cristina,Blanco,50
CS00729,Vanessa,Cárcamo,50
CS00730,Roberto,Parra,50
CS00731,Benício,Porto,50
CS00732,Cynthia,Cervántez,50
CS00733,Antonia,Soliz,50
CS00734,Rosa,Montoya,50
CS00735,Melissa,Barros,50
CS00736,María,Núñez,50
CS00737,Teresa,Hernández,50
CS00738,Pedro,Martins,50
CS00739,Carlos,Vega,50
CS00740,Joaquín,Mora,50
CS00741,Carlos,Jiménez,50
CS00742,Calebe,Nunes,50
CS00743,María Teresa,Lemus,50
CS00744,Luis,Uribe,50
CS00745,Francisco,Bravo,50
CS00746,José,Barrientos,50
CS00747,Berta,Toledo,50
CS00748,Rubén,Villegas,50
CS00749,Alice,Santos,50
CS00750,Karol,Contreras,50
CS00751,Jorge,Fernández,50
CS00752,Alana,Santos,50
CS00753,Julieth,Martínez,50
CS00754,Pamela,Bustos,50
CS00755,Daniela,Espinoza,50
CS00756,Jorge,Contreras,50
CS00757,Cornelio,Barreto,50
CS00758,Paula,Mejía,50
CS00759,Herminda,Alarcón,50
CS00760,Daniel,Barros,50
CS00761,Jean,Tamayo,50
CS00762,Elena,Fuentes,50
CS00763,Evaristo,Piña,50
CS00764,Andrés,Henao,50
CS00765,Luiz Gustavo,Novaes,50
CS00766,Santiago,Camarillo,50
CS00767,Sandra,Rivas,50
CS00768,Levi,Pereira,50
CS00769,Antonia,Botello,50
CS00770,Alice,Guzmán,50
CS00771,David,Rodríguez,50
CS00772,Eduarda,Freitas,50
CS00773,Thales,Costa,50
CS00774,Raquel,Ahumada,50
CS00775,Berta,Reyes,50
CS00776,Milena,Toro,50
CS00777,Letícia,Cardoso,50
CS00778,Luz,Castro,50
CS00779,Eduardo,Muñoz,50
CS00780,Adela,Ontiveros,50
CS00781,Nelson,Cornejo,50
CS00782,Pamela,Molina,50
CS00783,David,Giraldo,50
CS00784,Bastián,Aravena,50
CS00785,Clara,Nunes,50
CS00786,João Felipe,da Costa,50
CS00787,Fernando,Cea,50
CS00788,Maria Clara,Rodrigues,50
CS00789,Macarena,Castillo,50
CS00790,Omar,Muñiz,50
CS00791,Alba,Agudelo,50
CS00792,Henry,Vargas,50
CS00793,Asunción,Romero,50
CS00794,Alice,da Rosa,50
CS00795,Camilo,Castro,50
CS00796,Julio César,Gálvez,50
CS00797,María Luisa,Quesada,50
CS00798,Ruby,Quintero,50
CS00799,Gabriela,Costa,50
CS00800,Celia,Sevilla,50
CS00801,Julián,García,50
CS00802,Rosa,Arriagada,50
CS00803,Susana,Muñoz,50
CS00804,Víctor,Méndez,50
CS00805,Juan Carlos,Villegas,50
CS00806,Rodrigo,Uribe,50
CS00807,Matías,Quezada,50
CS00808,Pilar,Rocha,50
CS00809,David,García,50
CS00810,Pía,Olivares,50
CS00811,José,García,50
CS00812,Elcy,Castañeda,50
CS00813,Cecilia,Segura,50
CS00814,Carlos Eduardo,Costela,50
CS00815,Ana Sophia,Moraes,50
CS00816,Cielo,Vargas,50
CS00817,Silvia,Domínguez,50
CS00818,Fernanda,Aravena,50
CS00819,Graciela,Araya,50
CS00820,Diana,Valentín,50
CS00821,Jaime,Abreu,50
CS00822,Davi Lucca,Pires,50
CS00823,María,Moncada,50
CS00824,João Vitor,Teixeira,50
CS00825,Jacinto,Ulloa,50
CS00826,María del Carmen,Hurtado,50
CS00827,Lina,Cabrera,50
CS00828,Gustavo,Vergara,50
CS00829,Noemí,Osorio,50
CS00830,Guilherme,Costa,50
CS00831,Enrique,Tamayo,50
CS00832,Ana Julia,Alves,50
CS00833,Jesús,Heredia,50
CS00834,Edith,Ortega,50
CS00835,Fanny,Gutiérrez,50
CS00836,Manuel,Zúñiga,50
CS00837,Alexia,da Costa,50
CS00838,Esneider,Agudelo,50
CS00839,Yuli,Vélez,50
CS00840,Patricia,Lozano,50
CS00841,Carlos Eduardo,Moura,50
CS00842,Jorge,Paz,50
CS00843,María Cristina,Badillo,50
CS00844,José,Medina,50
CS00845,Lorenzo,Jiménez,50
CS00846,Harvey,Rodríguez,50
CS00847,Alma,Aguirre,50
CS00848,Emanuelly,da Costa,50
CS00849,Laura,Salcedo,50
CS00850,Estela,Mena,50
CS00851,Marcela,Bernal,50
CS00852,Jorge,Díaz,50
CS00853,Ana Beatriz,da Mata,50
CS00854,Alejandra,González,50
CS00855,Renan,da Conceição,50
CS00856,Julia,Valencia,50
CS00857,Mario,Narváez,50
CS00858,Diego,González,50
CS00859,Julio,Escalona,50
CS00860,Guadalupe,Estévez,50
CS00861,Ruby,Nava,50
CS00862,Astrid,Agudelo,50
CS00863,Cristian,González,50
CS00864,Rodolfo,Salazar,50
CS00865,Gonzalo,Huerta,50
CS00866,Nicole,Pinto,50
CS00867,Patricia,Vásquez,50
CS00868,Matheus,Santos,50
CS00869,Joaquín,Tapia,50
CS00870,Antonio,Huerta,50
CS00871,Wilmar,Ortega,50
CS00872,Evelio,Rosas,50
CS00873,Luis,Silva,50
CS00874,María,Sarmiento,50
CS00875,Benito,Muñiz,50
CS00876,Iván,Zapata,50
CS00877,Omar,Marín,50
CS00878,Jacqueline,Núñez,50
CS00879,Fredy,Cárdenas,50
CS00880,Maria Clara,Melo,50
CS00881,Luiz Felipe,Jesus,50
CS00882,José,Venegas,50
CS00883,Catarina,Mendes,50
CS00884,Danilo,Córdoba,50
CS00885,Steven,Vargas,50
CS00886,Clemente,Mares,50
CS00887,Sandra,Rivera,50
CS00888,Tatiana,Garzón,50
CS00889,Andrea,Rojas,50
CS00890,Flavio,Espino,50
CS00891,Eliana,Zapata,50
CS00892,Marcela,Ramos,50
CS00893,Reina,Riojas,50
CS00894,Luiz Miguel,Lopes,50
CS00895,Amparo,Murcia,50
CS00896,Gerardo,Vera,50
CS00897,Felipe,Sandoval,50
CS00898,Magdalena,Bañuelos,50
CS00899,Alice,Sales,50
CS00900,Enrique,Barbosa,50
CS00901,Leandro,Cardoso,50
CS00902,Luigi,da Rosa,50
CS00903,Beatriz,Cardoso,50
CS00904,Raul,Barbosa,50
CS00905,Brenda,Ramos,50
CS00906,Virginia,Sepúlveda,50
CS00907,Vitória,Alves,50
CS00908,Fernando,Arredondo,50
CS00909,Claudia,Ortiz,50
CS00910,Rolando,Retamales,50
CS00911,José Eduardo,Mendoza,50
CS00912,Héctor,Longoria,50
CS00913,Camila,Tapia,50
CS00914,Gerónimo,Loera,50
CS00915,Yulieth,León,50
CS00916,Juan,Araújo,50
CS00917,Vanesa,Martínez,50
CS00918,Virginia,Palacios,50
CS00919,Cristian,Serrano,50
CS00920,Carmen,Rivas,50
CS00921,David,Jaime,50
CS00922,Fernando,Arenas,50
CS00923,Alexandre,Mendes,50
CS00924,Elena,Arteaga,50
CS00925,Rolando,Cuellar,50
CS00926,José,Briceño,50
CS00927,Marina,Azevedo,50
CS00928,Benjamín,Navarro,50
CS00929,Soledad,Lemus,50
CS00930,Javier,Díaz,50
CS00931,Yago,Gonçalves,50
CS00932,Celia,Patiño,50
CS00933,Margarita,Henríquez,50
CS00934,Benício,da Costa,50
CS00935,Renato,Márquez,50
CS00936,Judith,Bolaños,50
CS00937,Rodolfo,Farías,50
CS00938,María Teresa,Rael,50
CS00939,Claudia,Rojo,50
CS00940,María,Piña,50
CS00941,Pablo,Palma,50
CS00942,Leidy,Guerrero,50
CS00943,Óscar,Mosquera,50
CS00944,Socorro,Gurule,50
CS00945,Vanesa,Gómez,50
CS00946,Alonso,Cornejo,50
CS00947,Enrico,Pinto,50
CS00948,Paola,Sánchez,50
CS00949,Zacarías,Valdez,50
CS00950,Daniel,Rivera,50
CS00951,Leticia,Grijalva,50
CS00952,Samuel,González,50
CS00953,Jesús,Cuesta,50
CS00954,Fredy,Bohórquez,50
CS00955,Fabiola,Rodríguez,50
CS00956,Fabio,Carvajal,50
CS00957,Theo,Azevedo,50
CS00958,Renan,da Paz,50
CS00959,Heloísa,Viana,50
CS00960,Pablo,Nazario,50
CS00961,Gustavo,Figueroa,50
CS00962,Yair,Hernández,50
CS00963,Nancy,Morales,50
CS00964,Eduarda,da Paz,50
CS00965,Gonzalo,Cuéllar,50
CS00966,Verónica,Ibarra,50
CS00967,Carol,Araya,50
CS00968,Inés,Sánchez,50
CS00969,Bernardo,Lima,50
CS00970,Gabriel,Roldán,50
CS00971,Viviana,Sánchez,50
CS00972,Fernando,Molina,50
CS00973,Leonardo,Molina,50
CS00974,Isabel,Pabón,50
CS00975,Marcela,Piña,50
CS00976,Mirella,Nunes,50
CS00977,Milena,Silva,50
CS00978,Beatriz,Gaviria,50
CS00979,Carlos,Murillo,50
CS00980,Fernanda,Vieira,50
CS00981,Noah,Almeida,50
CS00982,Dora,Duque,50
CS00983,Bastián,Quezada,50
CS00984,Brenda,Gonçalves,50
CS00985,João,Duarte,50
CS00986,Sandra,Ayala,50
CS00987,Júlia,Gonçalves,50
CS00988,Hernán,Solís,50
CS00989,Luiz Gustavo,Martins,50
CS00990,María,Vergara,50
CS00991,Abigail,Riojas,50
CS00992,Jaime,Guerrero,50
CS00993,Eva,Lucero,50
CS00994,Alberto,Osorio,50
CS00995,Tomás,Lazcano,50
CS00996,Ignacio,Santillán,50
CS00997,Alana,Fogaça,50
CS00998,María,Fuenzalida,50
CS00999,Nelson,Rueda,50
CS01000,Isabella,Ribeiro,50
